window_start	vs_Bs_kcnj10a	vs_Dr_kcnj10b	vs_Dr_kcnj10a	control_Bs_kcnj10a_vs_Dr_kcnj10a
1	75.5	63.8	81.6	81.5
11	77.6	68.1	81.6	83.3
21	81.6	72.3	81.6	83.3
31	81.6	63.8	77.6	87.0
41	83.3	66.0	79.6	86.4
51	86.7	68.3	83.3	91.7
61	88.3	76.7	88.3	90.0
71	86.7	76.7	86.7	90.0
81	86.7	73.3	90.0	90.0
91	85.0	80.0	90.0	88.3
101	86.7	81.7	91.7	91.7
111	88.3	85.0	95.0	93.3
121	88.3	85.0	91.7	93.3
131	88.3	81.7	91.7	93.3
141	90.0	86.7	91.7	95.0
151	95.0	85.0	95.0	96.7
161	93.3	80.0	91.7	93.3
171	93.3	80.0	91.7	93.3
181	96.7	83.3	95.0	96.7
191	98.3	85.0	95.0	95.0
201	98.3	80.0	93.3	93.3
211	98.3	78.3	91.7	91.7
221	96.7	80.0	93.3	93.3
231	93.3	78.3	91.7	91.7
241	90.0	73.3	88.3	90.0
251	90.0	71.7	90.0	91.7
261	90.0	73.3	91.7	93.3
271	90.0	78.3	93.3	95.0
281	93.3	83.3	95.0	96.7
291	96.7	85.0	96.7	98.3
301	98.3	88.3	100.0	98.3
311	98.3	88.3	100.0	98.3
321	90.0	80.0	91.7	98.3
331	80.4	70.9	78.0	94.6
341	69.6	60.0	66.1	85.7
351	66.1	58.2	61.0	82.1
361	61.1	50.0	57.9	80.0
371	56.6	44.0	52.7	75.5
