gene	subfamily	refseq_id	protein	chr	chrom_acc	start	end	strand	span_bp	exons	cds_bp	protein_aa
kcnj1a.1	Kir1	-	XP_029028077.1	13	NC_040893.2	13389595	13394809	-	5215	2	1122	373
kcnj1b	Kir1	-	XP_029030475.1	14	NC_040894.2	6560953	6563989	+	3037	2	1473	490
kcnj12a	Kir2	-	XP_028989924.1	19	NC_040898.2	8889225	8897972	-	8748	2	1302	433
kcnj12b	Kir2	-	XP_029015579.1	8	NC_040888.2	3187011	3192270	+	5260	2	1281	426
kcnj14	Kir2	-	XP_028985982.1	16	NC_040896.2	12511769	12534922	-	23154	7	1590	529
kcnj2a	Kir2	-	XP_028989530.1	19	NC_040898.2	15445264	15449705	+	4442	2	1284	427
kcnj2b	Kir2	LOC114861067	XP_029015889.1	8	NC_040888.2	6136533	6140985	+	4453	2	1329	442
kcnj4	Kir2	LOC114863156	XP_029019895.1	1	NC_040881.3	9332207	9337829	-	5623	3	1749	582
kcnj19a	Kir3	LOC114860740	XP_029015377.1	8	NC_040888.2	10549026	10559455	-	10430	3	1539	512
kcnj19b	Kir3	LOC114846053	XP_028990638.1	19	NC_040898.2	10382129	10389681	+	7553	3	1530	509
kcnj3a	Kir3	-	XP_028992692.1	21	NC_040899.1	9794515	9810341	-	15827	3	1491	496
kcnj5	Kir3	-	XP_029028075.1	13	NC_040893.2	13400467	13416949	+	16483	4	1314	437
kcnj6	Kir3	-	XP_029029321.1	14	NC_040894.2	9603618	9615193	-	11576	3	1251	416
kcnj9	Kir3	-	XP_028987796.1	17	NC_040897.2	11997062	12005563	+	8502	8	1503	500
kcnj10a	Kir4	-	XP_028994538.1	2	NC_040882.2	20972524	20980848	-	8325	6	1299	432
kcnj10c	Kir4	LOC114844899	XP_028988408.1	17	NC_040897.2	11666279	11673966	+	7688	6	1263	420
kcnj15	Kir4	-	XP_029030466.1	14	NC_040894.2	9573107	9575817	+	2711	2	1023	340
kcnj16a	Kir5	-	XP_028989531.1	19	NC_040898.2	15437781	15442368	+	4588	2	1218	405
kcnj16b	Kir5	LOC114860957	XP_029015710.1	8	NC_040888.2	6129493	6135929	+	6437	4	1131	376
kcnj11	Kir6	-	XP_029010274.1	6	NC_040886.2	6852772	6854982	-	2211	1	1143	380
kcnj11l	Kir6	-	XP_040927289.1	6	NC_040886.2	19259957	19261928	+	1972	4	1383	460
kcnj8	Kir6	-	XP_029020054.1	9	NC_040889.2	11092051	11095053	+	3003	6	1284	427
kcnj13	Kir7	-	XP_029028057.1	13	NC_040893.2	204779	220515	-	15737	3	1092	363
