gene	M1	M2	M3	M4	M5	M6	M7	M8	M9	M10
kcnj10a	1	1	1	1	1	1	1	0	0	0
kcnj10c	1	1	1	1	1	1	1	0	0	0
kcnj11	1	1	1	1	1	1	1	1	0	0
kcnj11l	1	1	1	1	1	1	1	1	0	0
kcnj12a	1	1	1	1	1	1	1	1	1	1
kcnj12b	1	1	1	1	1	1	1	1	1	1
kcnj13	1	1	1	1	0	1	0	0	0	0
kcnj14	1	1	1	1	1	1	1	1	1	0
kcnj15	1	1	1	1	1	1	1	1	0	0
kcnj16a	1	1	1	1	0	1	1	1	0	0
kcnj16b	1	1	1	1	0	1	1	1	0	0
kcnj19a	1	1	1	1	1	1	1	1	0	0
kcnj19b	1	1	1	1	1	1	1	1	0	0
kcnj1a.1	1	1	1	1	1	1	1	1	0	0
kcnj1b	1	1	1	1	1	1	1	1	0	0
kcnj2a	1	1	1	1	1	1	1	1	1	1
kcnj2b	1	1	1	1	1	1	1	1	1	1
kcnj3a	1	1	1	1	1	1	1	1	0	0
kcnj4	1	1	1	1	1	1	1	1	1	1
kcnj5	1	1	1	1	1	1	1	1	0	0
kcnj6	1	1	1	1	1	1	1	1	0	0
kcnj8	1	1	1	1	1	1	1	1	0	0
kcnj9	1	1	1	1	1	1	1	1	0	0
