species	focal	contig	focal_start	focal_end	neighbor	n_start	n_end	strand	offset
Betta	kcnj10a	NC_040882.2	20972524	20980848	LOC114848090	20786441	20791933	+	-10
Betta	kcnj10a	NC_040882.2	20972524	20980848	LOC129603820	20792636	20798046	-	-9
Betta	kcnj10a	NC_040882.2	20972524	20980848	LOC114867479	20800023	20813985	-	-8
Betta	kcnj10a	NC_040882.2	20972524	20980848	LOC114867488	20831130	20833515	-	-7
Betta	kcnj10a	NC_040882.2	20972524	20980848	LOC129602949	20833555	20835883	-	-6
Betta	kcnj10a	NC_040882.2	20972524	20980848	LOC121202739	20856126	20872634	-	-5
Betta	kcnj10a	NC_040882.2	20972524	20980848	LOC114867613	20862663	20893713	-	-4
Betta	kcnj10a	NC_040882.2	20972524	20980848	LOC121202740	20901500	20905419	-	-3
Betta	kcnj10a	NC_040882.2	20972524	20980848	LOC114847839	20964627	20968329	-	-2
Betta	kcnj10a	NC_040882.2	20972524	20980848	si:ch1073-220m6.1	20969982	20971923	-	-1
Betta	kcnj10a	NC_040882.2	20972524	20980848	kcnj10a	20972524	20980848	-	0
Betta	kcnj10a	NC_040882.2	20972524	20980848	LOC129603776	20977123	20978556	+	1
Betta	kcnj10a	NC_040882.2	20972524	20980848	pnp5a	20986900	20989082	+	2
Betta	kcnj10a	NC_040882.2	20972524	20980848	capn1	20989156	21003998	-	3
Betta	kcnj10a	NC_040882.2	20972524	20980848	sf3b2	21004571	21011436	+	4
Betta	kcnj10a	NC_040882.2	20972524	20980848	LOC129603790	21009575	21010283	-	5
Betta	kcnj10a	NC_040882.2	20972524	20980848	LOC114842575	21014216	21048739	+	6
Betta	kcnj10a	NC_040882.2	20972524	20980848	klc2	21049499	21056308	+	7
Betta	kcnj10a	NC_040882.2	20972524	20980848	prkd4	21056305	21064307	+	8
Betta	kcnj10a	NC_040882.2	20972524	20980848	actn3b	21065024	21088471	-	9
Betta	kcnj10a	NC_040882.2	20972524	20980848	rbm14b	21088783	21097956	-	10
Betta	LOC114844899	NC_040897.2	11666279	11673966	pth1r	11520986	11550383	-	-10
Betta	LOC114844899	NC_040897.2	11666279	11673966	myl13	11557708	11560419	+	-9
Betta	LOC114844899	NC_040897.2	11666279	11673966	LOC114843912	11557847	11561090	-	-8
Betta	LOC114844899	NC_040897.2	11666279	11673966	LOC114844491	11564329	11582329	-	-7
Betta	LOC114844899	NC_040897.2	11666279	11673966	LOC114845057	11612505	11614520	+	-6
Betta	LOC114844899	NC_040897.2	11666279	11673966	thoc1	11620514	11625047	+	-5
Betta	LOC114844899	NC_040897.2	11666279	11673966	usp14	11625079	11630150	-	-4
Betta	LOC114844899	NC_040897.2	11666279	11673966	rock1	11630451	11652483	-	-3
Betta	LOC114844899	NC_040897.2	11666279	11673966	LOC114844308	11653195	11655984	+	-2
Betta	LOC114844899	NC_040897.2	11666279	11673966	LOC114844958	11658101	11662141	-	-1
Betta	LOC114844899	NC_040897.2	11666279	11673966	LOC114844899	11666279	11673966	+	0
Betta	LOC114844899	NC_040897.2	11666279	11673966	LOC114844759	11674098	11678945	+	1
Betta	LOC114844899	NC_040897.2	11666279	11673966	LOC114844880	11679098	11682073	+	2
Betta	LOC114844899	NC_040897.2	11666279	11673966	si:cabz01074944.1	11685687	11687702	-	3
Betta	LOC114844899	NC_040897.2	11666279	11673966	LOC114844878	11689052	11692453	+	4
Betta	LOC114844899	NC_040897.2	11666279	11673966	LOC114844535	11695379	11696918	-	5
Betta	LOC114844899	NC_040897.2	11666279	11673966	LOC114844530	11699866	11701479	-	6
Betta	LOC114844899	NC_040897.2	11666279	11673966	LOC114844524	11703893	11705745	-	7
Betta	LOC114844899	NC_040897.2	11666279	11673966	LOC114844515	11705855	11708460	-	8
Betta	LOC114844899	NC_040897.2	11666279	11673966	LOC114844541	11713637	11751208	-	9
Betta	LOC114844899	NC_040897.2	11666279	11673966	LOC129602897	11716821	11718861	-	10
Betta	kcnj16a	NC_040898.2	15437781	15442368	LOC114845625	15366659	15369078	-	-10
Betta	kcnj16a	NC_040898.2	15437781	15442368	hid1b	15368959	15375256	+	-9
Betta	kcnj16a	NC_040898.2	15437781	15442368	LOC114845621	15374846	15379786	-	-8
Betta	kcnj16a	NC_040898.2	15437781	15442368	LOC114845620	15380450	15384951	-	-7
Betta	kcnj16a	NC_040898.2	15437781	15442368	LOC114845619	15385643	15388657	-	-6
Betta	kcnj16a	NC_040898.2	15437781	15442368	LOC114845623	15388781	15393443	+	-5
Betta	kcnj16a	NC_040898.2	15437781	15442368	trim16	15396424	15399988	+	-4
Betta	kcnj16a	NC_040898.2	15437781	15442368	tvp23b	15400281	15402820	+	-3
Betta	kcnj16a	NC_040898.2	15437781	15442368	exoc7	15403440	15410946	+	-2
Betta	kcnj16a	NC_040898.2	15437781	15442368	LOC129603372	15408042	15410315	-	-1
Betta	kcnj16a	NC_040898.2	15437781	15442368	kcnj16a	15437781	15442368	+	0
Betta	kcnj16a	NC_040898.2	15437781	15442368	kcnj2a	15445264	15449705	+	1
Betta	kcnj16a	NC_040898.2	15437781	15442368	map2k6	15464417	15478934	-	2
Betta	kcnj16a	NC_040898.2	15437781	15442368	btbd17a	15479022	15485022	-	3
Betta	kcnj16a	NC_040898.2	15437781	15442368	st6galnac	15485160	15491110	-	4
Betta	kcnj16a	NC_040898.2	15437781	15442368	cep131	15491604	15503367	-	5
Betta	kcnj16a	NC_040898.2	15437781	15442368	rnf213b	15503549	15524685	-	6
Betta	kcnj16a	NC_040898.2	15437781	15442368	nploc4	15528797	15537363	-	7
Betta	kcnj16a	NC_040898.2	15437781	15442368	pde6gb	15538001	15540354	-	8
Betta	kcnj16a	NC_040898.2	15437781	15442368	gprc5c	15547101	15551780	-	9
Betta	kcnj16a	NC_040898.2	15437781	15442368	LOC129603381	15558150	15560286	+	10
Betta	LOC114860957	NC_040888.2	6129493	6135929	fscn2a	6019044	6026084	-	-10
Betta	LOC114860957	NC_040888.2	6129493	6135929	LOC114859894	6034999	6087248	-	-9
Betta	LOC114860957	NC_040888.2	6129493	6135929	LOC129604412	6087904	6091630	+	-8
Betta	LOC114860957	NC_040888.2	6129493	6135929	LOC114860702	6103144	6107402	-	-7
Betta	LOC114860957	NC_040888.2	6129493	6135929	hid1a	6108135	6114495	+	-6
Betta	LOC114860957	NC_040888.2	6129493	6135929	amn	6114607	6116539	+	-5
Betta	LOC114860957	NC_040888.2	6129493	6135929	ush1ga	6117921	6122944	-	-4
Betta	LOC114860957	NC_040888.2	6129493	6135929	otop2	6123912	6126812	+	-3
Betta	LOC114860957	NC_040888.2	6129493	6135929	zgc:112148	6126957	6128803	+	-2
Betta	LOC114860957	NC_040888.2	6129493	6135929	LOC114860960	6128992	6131298	-	-1
Betta	LOC114860957	NC_040888.2	6129493	6135929	LOC114860957	6129493	6135929	+	0
Betta	LOC114860957	NC_040888.2	6129493	6135929	LOC114861067	6136533	6140985	+	1
Betta	LOC114860957	NC_040888.2	6129493	6135929	LOC129604487	6140771	6146279	-	2
Betta	LOC114860957	NC_040888.2	6129493	6135929	LOC114860381	6148571	6157354	-	3
Betta	LOC114860957	NC_040888.2	6129493	6135929	btbd17b	6157676	6161513	-	4
Betta	LOC114860957	NC_040888.2	6129493	6135929	LOC114860380	6162909	6166023	+	5
Betta	LOC114860957	NC_040888.2	6129493	6135929	ccdc137	6167887	6170017	-	6
Betta	LOC114860957	NC_040888.2	6129493	6135929	LOC114861118	6170508	6172084	+	7
Betta	LOC114860957	NC_040888.2	6129493	6135929	LOC114861117	6172221	6174840	-	8
Betta	LOC114860957	NC_040888.2	6129493	6135929	si:dkey-282h22.5	6175255	6176800	+	9
Betta	LOC114860957	NC_040888.2	6129493	6135929	LOC114860778	6177378	6192095	+	10
Betta	kcnj2a	NC_040898.2	15445264	15449705	hid1b	15368959	15375256	+	-10
Betta	kcnj2a	NC_040898.2	15445264	15449705	LOC114845621	15374846	15379786	-	-9
Betta	kcnj2a	NC_040898.2	15445264	15449705	LOC114845620	15380450	15384951	-	-8
Betta	kcnj2a	NC_040898.2	15445264	15449705	LOC114845619	15385643	15388657	-	-7
Betta	kcnj2a	NC_040898.2	15445264	15449705	LOC114845623	15388781	15393443	+	-6
Betta	kcnj2a	NC_040898.2	15445264	15449705	trim16	15396424	15399988	+	-5
Betta	kcnj2a	NC_040898.2	15445264	15449705	tvp23b	15400281	15402820	+	-4
Betta	kcnj2a	NC_040898.2	15445264	15449705	exoc7	15403440	15410946	+	-3
Betta	kcnj2a	NC_040898.2	15445264	15449705	LOC129603372	15408042	15410315	-	-2
Betta	kcnj2a	NC_040898.2	15445264	15449705	kcnj16a	15437781	15442368	+	-1
Betta	kcnj2a	NC_040898.2	15445264	15449705	kcnj2a	15445264	15449705	+	0
Betta	kcnj2a	NC_040898.2	15445264	15449705	map2k6	15464417	15478934	-	1
Betta	kcnj2a	NC_040898.2	15445264	15449705	btbd17a	15479022	15485022	-	2
Betta	kcnj2a	NC_040898.2	15445264	15449705	st6galnac	15485160	15491110	-	3
Betta	kcnj2a	NC_040898.2	15445264	15449705	cep131	15491604	15503367	-	4
Betta	kcnj2a	NC_040898.2	15445264	15449705	rnf213b	15503549	15524685	-	5
Betta	kcnj2a	NC_040898.2	15445264	15449705	nploc4	15528797	15537363	-	6
Betta	kcnj2a	NC_040898.2	15445264	15449705	pde6gb	15538001	15540354	-	7
Betta	kcnj2a	NC_040898.2	15445264	15449705	gprc5c	15547101	15551780	-	8
Betta	kcnj2a	NC_040898.2	15445264	15449705	LOC129603381	15558150	15560286	+	9
Betta	kcnj2a	NC_040898.2	15445264	15449705	gpr142	15565245	15573176	-	10
Betta	LOC114861067	NC_040888.2	6136533	6140985	LOC114859894	6034999	6087248	-	-10
Betta	LOC114861067	NC_040888.2	6136533	6140985	LOC129604412	6087904	6091630	+	-9
Betta	LOC114861067	NC_040888.2	6136533	6140985	LOC114860702	6103144	6107402	-	-8
Betta	LOC114861067	NC_040888.2	6136533	6140985	hid1a	6108135	6114495	+	-7
Betta	LOC114861067	NC_040888.2	6136533	6140985	amn	6114607	6116539	+	-6
Betta	LOC114861067	NC_040888.2	6136533	6140985	ush1ga	6117921	6122944	-	-5
Betta	LOC114861067	NC_040888.2	6136533	6140985	otop2	6123912	6126812	+	-4
Betta	LOC114861067	NC_040888.2	6136533	6140985	zgc:112148	6126957	6128803	+	-3
Betta	LOC114861067	NC_040888.2	6136533	6140985	LOC114860960	6128992	6131298	-	-2
Betta	LOC114861067	NC_040888.2	6136533	6140985	LOC114860957	6129493	6135929	+	-1
Betta	LOC114861067	NC_040888.2	6136533	6140985	LOC114861067	6136533	6140985	+	0
Betta	LOC114861067	NC_040888.2	6136533	6140985	LOC129604487	6140771	6146279	-	1
Betta	LOC114861067	NC_040888.2	6136533	6140985	LOC114860381	6148571	6157354	-	2
Betta	LOC114861067	NC_040888.2	6136533	6140985	btbd17b	6157676	6161513	-	3
Betta	LOC114861067	NC_040888.2	6136533	6140985	LOC114860380	6162909	6166023	+	4
Betta	LOC114861067	NC_040888.2	6136533	6140985	ccdc137	6167887	6170017	-	5
Betta	LOC114861067	NC_040888.2	6136533	6140985	LOC114861118	6170508	6172084	+	6
Betta	LOC114861067	NC_040888.2	6136533	6140985	LOC114861117	6172221	6174840	-	7
Betta	LOC114861067	NC_040888.2	6136533	6140985	si:dkey-282h22.5	6175255	6176800	+	8
Betta	LOC114861067	NC_040888.2	6136533	6140985	LOC114860778	6177378	6192095	+	9
Betta	LOC114861067	NC_040888.2	6136533	6140985	LOC114860779	6199394	6201437	+	10
Betta	kcnj15	NC_040894.2	9573107	9575817	tbl2	9471386	9474154	+	-10
Betta	kcnj15	NC_040894.2	9573107	9575817	mybbp1a	9474525	9484624	+	-9
Betta	kcnj15	NC_040894.2	9573107	9575817	LOC114869955	9487531	9489833	-	-8
Betta	kcnj15	NC_040894.2	9573107	9575817	psmg1	9498289	9502510	+	-7
Betta	kcnj15	NC_040894.2	9573107	9575817	ccdc15	9502653	9506863	+	-6
Betta	kcnj15	NC_040894.2	9573107	9575817	slc37a2	9507215	9514354	+	-5
Betta	kcnj15	NC_040894.2	9573107	9575817	pou2f3	9514903	9524692	-	-4
Betta	kcnj15	NC_040894.2	9573107	9575817	trim37	9526388	9538398	+	-3
Betta	kcnj15	NC_040894.2	9573107	9575817	ppm1e	9543099	9566511	-	-2
Betta	kcnj15	NC_040894.2	9573107	9575817	smg8	9567136	9571593	+	-1
Betta	kcnj15	NC_040894.2	9573107	9575817	kcnj15	9573107	9575817	+	0
Betta	kcnj15	NC_040894.2	9573107	9575817	vps26c	9576541	9580991	+	1
Betta	kcnj15	NC_040894.2	9573107	9575817	ttc3	9579774	9594509	-	2
Betta	kcnj15	NC_040894.2	9573107	9575817	LOC114869336	9595355	9597654	-	3
Betta	kcnj15	NC_040894.2	9573107	9575817	rabgef1	9597900	9602394	+	4
Betta	kcnj15	NC_040894.2	9573107	9575817	kcnj6	9603618	9615193	-	5
Betta	kcnj15	NC_040894.2	9573107	9575817	kctd7	9616633	9625585	-	6
Betta	kcnj15	NC_040894.2	9573107	9575817	si:dkey-183i3.6	9630877	9634490	+	7
Betta	kcnj15	NC_040894.2	9573107	9575817	pgk1	9634681	9642404	-	8
Betta	kcnj15	NC_040894.2	9573107	9575817	LOC114869504	9642964	9644492	-	9
Betta	kcnj15	NC_040894.2	9573107	9575817	trnal-caa	9644687	9644797	+	10
Betta	kcnj6	NC_040894.2	9603618	9615193	slc37a2	9507215	9514354	+	-10
Betta	kcnj6	NC_040894.2	9603618	9615193	pou2f3	9514903	9524692	-	-9
Betta	kcnj6	NC_040894.2	9603618	9615193	trim37	9526388	9538398	+	-8
Betta	kcnj6	NC_040894.2	9603618	9615193	ppm1e	9543099	9566511	-	-7
Betta	kcnj6	NC_040894.2	9603618	9615193	smg8	9567136	9571593	+	-6
Betta	kcnj6	NC_040894.2	9603618	9615193	kcnj15	9573107	9575817	+	-5
Betta	kcnj6	NC_040894.2	9603618	9615193	vps26c	9576541	9580991	+	-4
Betta	kcnj6	NC_040894.2	9603618	9615193	ttc3	9579774	9594509	-	-3
Betta	kcnj6	NC_040894.2	9603618	9615193	LOC114869336	9595355	9597654	-	-2
Betta	kcnj6	NC_040894.2	9603618	9615193	rabgef1	9597900	9602394	+	-1
Betta	kcnj6	NC_040894.2	9603618	9615193	kcnj6	9603618	9615193	-	0
Betta	kcnj6	NC_040894.2	9603618	9615193	kctd7	9616633	9625585	-	1
Betta	kcnj6	NC_040894.2	9603618	9615193	si:dkey-183i3.6	9630877	9634490	+	2
Betta	kcnj6	NC_040894.2	9603618	9615193	pgk1	9634681	9642404	-	3
Betta	kcnj6	NC_040894.2	9603618	9615193	LOC114869504	9642964	9644492	-	4
Betta	kcnj6	NC_040894.2	9603618	9615193	trnal-caa	9644687	9644797	+	5
Betta	kcnj6	NC_040894.2	9603618	9615193	pgrmc1	9645465	9648595	-	6
Betta	kcnj6	NC_040894.2	9603618	9615193	rab24	9649086	9654272	+	7
Betta	kcnj6	NC_040894.2	9603618	9615193	nsd1b	9654973	9673203	-	8
Betta	kcnj6	NC_040894.2	9603618	9615193	fgfr4	9705432	9719060	+	9
Betta	kcnj6	NC_040894.2	9603618	9615193	znf346	9738017	9742689	-	10
Danio	kcnj10a	NC_141027.1	6404124	6445549	si:ch1073-159d7.6	6268242	6268856	-	-10
Danio	kcnj10a	NC_141027.1	6404124	6445549	LOC137496137	6269807	6270187	-	-9
Danio	kcnj10a	NC_141027.1	6404124	6445549	hist1h2a2	6269807	6273603	-	-8
Danio	kcnj10a	NC_141027.1	6404124	6445549	LOC147843000	6273127	6283841	-	-7
Danio	kcnj10a	NC_141027.1	6404124	6445549	LOC147843001	6282196	6282760	-	-6
Danio	kcnj10a	NC_141027.1	6404124	6445549	LOC147843002	6283376	6283841	-	-5
Danio	kcnj10a	NC_141027.1	6404124	6445549	zgc:110425	6284719	6286021	-	-4
Danio	kcnj10a	NC_141027.1	6404124	6445549	si:cabz01036022.1	6290897	6336338	+	-3
Danio	kcnj10a	NC_141027.1	6404124	6445549	si:ch1073-220m6.1	6338632	6397256	-	-2
Danio	kcnj10a	NC_141027.1	6404124	6445549	LOC147843003	6346638	6369697	+	-1
Danio	kcnj10a	NC_141027.1	6404124	6445549	kcnj10a	6404124	6445549	-	0
Danio	kcnj10a	NC_141027.1	6404124	6445549	pnp5a	6491858	6507893	+	1
Danio	kcnj10a	NC_141027.1	6404124	6445549	dusp19b	6510358	6513106	-	2
Danio	kcnj10a	NC_141027.1	6404124	6445549	capn1	6517406	6586282	-	3
Danio	kcnj10a	NC_141027.1	6404124	6445549	LOC147843004	6523130	6525656	+	4
Danio	kcnj10a	NC_141027.1	6404124	6445549	sf3b2	6589085	6632322	+	5
Danio	kcnj10a	NC_141027.1	6404124	6445549	pacs1b	6655583	6769437	+	6
Danio	kcnj10a	NC_141027.1	6404124	6445549	klc2	6778257	6813595	+	7
Danio	kcnj10a	NC_141027.1	6404124	6445549	LOC147835891	6781366	6785262	-	8
Danio	kcnj10a	NC_141027.1	6404124	6445549	LOC141375281	6792457	6794079	-	9
Danio	kcnj10a	NC_141027.1	6404124	6445549	prkd4	6815049	6882251	+	10
Danio	kcnj10b	NC_141022.1	62454063	62476151	fcer1gl	62277043	62285729	-	-10
Danio	kcnj10b	NC_141022.1	62454063	62476151	ncstn	62288176	62330155	-	-9
Danio	kcnj10b	NC_141022.1	62454063	62476151	LOC553316	62331098	62337061	-	-8
Danio	kcnj10b	NC_141022.1	62454063	62476151	LOC147846595	62346557	62355121	+	-7
Danio	kcnj10b	NC_141022.1	62454063	62476151	LOC147846596	62359082	62366760	-	-6
Danio	kcnj10b	NC_141022.1	62454063	62476151	LOC147846597	62375640	62392690	-	-5
Danio	kcnj10b	NC_141022.1	62454063	62476151	LOC147846598	62393695	62397602	-	-4
Danio	kcnj10b	NC_141022.1	62454063	62476151	LOC100002591	62399917	62403503	-	-3
Danio	kcnj10b	NC_141022.1	62454063	62476151	LOC147846599	62406806	62411151	-	-2
Danio	kcnj10b	NC_141022.1	62454063	62476151	pnp5b	62411873	62439404	-	-1
Danio	kcnj10b	NC_141022.1	62454063	62476151	kcnj10b	62454063	62476151	+	0
Danio	kcnj10b	NC_141022.1	62454063	62476151	LOC147846600	62454063	62479258	-	1
Danio	kcnj10b	NC_141022.1	62454063	62476151	foxl2b	62489500	62563452	-	2
Danio	kcnj10b	NC_141022.1	62454063	62476151	nop9	62570453	62597005	-	3
Danio	kcnj10b	NC_141022.1	62454063	62476151	vapal	62599854	62656008	+	4
Danio	kcnj10b	NC_141022.1	62454063	62476151	LOC147846601	62631582	62634385	-	5
Danio	kcnj10b	NC_141022.1	62454063	62476151	LOC147846602	62642922	62645710	-	6
Danio	kcnj10b	NC_141022.1	62454063	62476151	LOC100332639	62665148	62701000	-	7
Danio	kcnj10b	NC_141022.1	62454063	62476151	epb41l3b	62729630	62847963	-	8
Danio	kcnj10b	NC_141022.1	62454063	62476151	LOC147846603	62813819	62964897	+	9
Danio	kcnj10b	NC_141022.1	62454063	62476151	tmem200cb	62856317	62892193	-	10
Danio	kcnj16a	NC_141032.1	38750527	38767306	gprc5c	38502108	38525182	-	-10
Danio	kcnj16a	NC_141032.1	38750527	38767306	LOC147834530	38508961	38514577	+	-9
Danio	kcnj16a	NC_141032.1	38750527	38767306	btbd17a	38524376	38583643	+	-8
Danio	kcnj16a	NC_141032.1	38750527	38767306	gpr142	38531731	38549702	-	-7
Danio	kcnj16a	NC_141032.1	38750527	38767306	map2k6	38588548	38639847	+	-6
Danio	kcnj16a	NC_141032.1	38750527	38767306	LOC147834531	38640831	38644499	-	-5
Danio	kcnj16a	NC_141032.1	38750527	38767306	LOC141376854	38643499	38839690	+	-4
Danio	kcnj16a	NC_141032.1	38750527	38767306	LOC141376853	38682450	38684442	-	-3
Danio	kcnj16a	NC_141032.1	38750527	38767306	LOC147834532	38723363	38725921	+	-2
Danio	kcnj16a	NC_141032.1	38750527	38767306	kcnj2a	38743006	38750798	-	-1
Danio	kcnj16a	NC_141032.1	38750527	38767306	kcnj16a	38750527	38767306	-	0
Danio	kcnj16a	NC_141032.1	38750527	38767306	LOC110438944	38874816	38880334	+	1
Danio	kcnj16a	NC_141032.1	38750527	38767306	si:ch211-250n8.1	38895314	38909939	+	2
Danio	kcnj16a	NC_141032.1	38750527	38767306	unk	38910206	39359370	+	3
Danio	kcnj16a	NC_141032.1	38750527	38767306	unc13d	38943181	38991710	-	4
Danio	kcnj16a	NC_141032.1	38750527	38767306	fbxw10	38990367	39004314	+	5
Danio	kcnj16a	NC_141032.1	38750527	38767306	LOC147834533	39123699	39181437	+	6
Danio	kcnj16a	NC_141032.1	38750527	38767306	LOC147834534	39179362	39307391	+	7
Danio	kcnj16a	NC_141032.1	38750527	38767306	si:ch211-216b21.2	39181033	39250395	-	8
Danio	kcnj16a	NC_141032.1	38750527	38767306	LOC147834535	39311603	39395011	+	9
Danio	kcnj16a	NC_141032.1	38750527	38767306	LOC108179108	39345156	39350570	+	10
Danio	kcnj2a	NC_141032.1	38743006	38750798	oxld1	38474316	38478199	-	-10
Danio	kcnj2a	NC_141032.1	38743006	38750798	gprc5c	38502108	38525182	-	-9
Danio	kcnj2a	NC_141032.1	38743006	38750798	LOC147834530	38508961	38514577	+	-8
Danio	kcnj2a	NC_141032.1	38743006	38750798	btbd17a	38524376	38583643	+	-7
Danio	kcnj2a	NC_141032.1	38743006	38750798	gpr142	38531731	38549702	-	-6
Danio	kcnj2a	NC_141032.1	38743006	38750798	map2k6	38588548	38639847	+	-5
Danio	kcnj2a	NC_141032.1	38743006	38750798	LOC147834531	38640831	38644499	-	-4
Danio	kcnj2a	NC_141032.1	38743006	38750798	LOC141376854	38643499	38839690	+	-3
Danio	kcnj2a	NC_141032.1	38743006	38750798	LOC141376853	38682450	38684442	-	-2
Danio	kcnj2a	NC_141032.1	38743006	38750798	LOC147834532	38723363	38725921	+	-1
Danio	kcnj2a	NC_141032.1	38743006	38750798	kcnj2a	38743006	38750798	-	0
Danio	kcnj2a	NC_141032.1	38743006	38750798	kcnj16a	38750527	38767306	-	1
Danio	kcnj2a	NC_141032.1	38743006	38750798	LOC110438944	38874816	38880334	+	2
Danio	kcnj2a	NC_141032.1	38743006	38750798	si:ch211-250n8.1	38895314	38909939	+	3
Danio	kcnj2a	NC_141032.1	38743006	38750798	unk	38910206	39359370	+	4
Danio	kcnj2a	NC_141032.1	38743006	38750798	unc13d	38943181	38991710	-	5
Danio	kcnj2a	NC_141032.1	38743006	38750798	fbxw10	38990367	39004314	+	6
Danio	kcnj2a	NC_141032.1	38743006	38750798	LOC147834533	39123699	39181437	+	7
Danio	kcnj2a	NC_141032.1	38743006	38750798	LOC147834534	39179362	39307391	+	8
Danio	kcnj2a	NC_141032.1	38743006	38750798	si:ch211-216b21.2	39181033	39250395	-	9
Danio	kcnj2a	NC_141032.1	38743006	38750798	LOC147834535	39311603	39395011	+	10
Danio	kcnj2b	NC_141023.1	12038559	12048504	cyp2k20	11897980	11912813	+	-10
Danio	kcnj2b	NC_141023.1	12038559	12048504	cyp2k19	11912788	11920098	+	-9
Danio	kcnj2b	NC_141023.1	12038559	12048504	cyp2k21	11924863	11931407	+	-8
Danio	kcnj2b	NC_141023.1	12038559	12048504	cyp2k17	11936411	11943903	+	-7
Danio	kcnj2b	NC_141023.1	12038559	12048504	cyp2k16	11945678	11961536	+	-6
Danio	kcnj2b	NC_141023.1	12038559	12048504	cyp2k8	11965238	11983264	+	-5
Danio	kcnj2b	NC_141023.1	12038559	12048504	cyp2k6	11997244	12007307	+	-4
Danio	kcnj2b	NC_141023.1	12038559	12048504	LOC147845530	12009362	12013509	+	-3
Danio	kcnj2b	NC_141023.1	12038559	12048504	LOC147845531	12015728	12023097	+	-2
Danio	kcnj2b	NC_141023.1	12038559	12048504	si:ch211-8c17.3	12026971	12035397	+	-1
Danio	kcnj2b	NC_141023.1	12038559	12048504	kcnj2b	12038559	12048504	+	0
Danio	kcnj2b	NC_141023.1	12038559	12048504	btbd17b	12062084	12071731	-	1
Danio	kcnj2b	NC_141023.1	12038559	12048504	ccdc137	12073538	12084618	-	2
Danio	kcnj2b	NC_141023.1	12038559	12048504	LOC141381150	12084602	12089883	+	3
Danio	kcnj2b	NC_141023.1	12038559	12048504	LOC147845532	12163190	12179032	-	4
Danio	kcnj2b	NC_141023.1	12038559	12048504	prkar1b	12183430	12328478	-	5
Danio	kcnj2b	NC_141023.1	12038559	12048504	LOC147845533	12297970	12302417	+	6
Danio	kcnj2b	NC_141023.1	12038559	12048504	dnaaf5	12331414	12902912	+	7
Danio	kcnj2b	NC_141023.1	12038559	12048504	LOC147845534	12335803	12336344	-	8
Danio	kcnj2b	NC_141023.1	12038559	12048504	LOC147845535	12363526	12367264	-	9
Danio	kcnj2b	NC_141023.1	12038559	12048504	LOC147845536	12368812	12373454	+	10
Danio	kcnj15	NC_141030.1	258499	262567	sim2	135837	148400	+	-10
Danio	kcnj15	NC_141030.1	258499	262567	hlcs	149169	161071	-	-9
Danio	kcnj15	NC_141030.1	258499	262567	dyrk1aa	164321	178522	-	-8
Danio	kcnj15	NC_141030.1	258499	262567	LOC141376278	176165	178397	+	-7
Danio	kcnj15	NC_141030.1	258499	262567	vps26c	179025	183869	+	-6
Danio	kcnj15	NC_141030.1	258499	262567	ttc3	184054	212181	-	-5
Danio	kcnj15	NC_141030.1	258499	262567	pigp	211641	218207	+	-4
Danio	kcnj15	NC_141030.1	258499	262567	ripply3	218285	222751	-	-3
Danio	kcnj15	NC_141030.1	258499	262567	kcnj6	224109	256392	-	-2
Danio	kcnj15	NC_141030.1	258499	262567	klhl35	246171	349392	-	-1
Danio	kcnj15	NC_141030.1	258499	262567	kcnj15	258499	262567	+	0
Danio	kcnj15	NC_141030.1	258499	262567	erg	262574	285122	-	1
Danio	kcnj15	NC_141030.1	258499	262567	ets2	292420	301455	+	2
Danio	kcnj15	NC_141030.1	258499	262567	psmg1	311636	315343	-	3
Danio	kcnj15	NC_141030.1	258499	262567	LOC137496627	316422	316587	+	4
Danio	kcnj15	NC_141030.1	258499	262567	mpzl1l	318543	332162	+	5
Danio	kcnj15	NC_141030.1	258499	262567	lrrc32	353556	363681	+	6
Danio	kcnj15	NC_141030.1	258499	262567	LOC141376279	382599	388082	-	7
Danio	kcnj15	NC_141030.1	258499	262567	emsy	388364	408662	-	8
Danio	kcnj15	NC_141030.1	258499	262567	wu:fj39h09	409135	416003	-	9
Danio	kcnj15	NC_141030.1	258499	262567	akt2l	417761	426853	-	10
Danio	kcnj6	NC_141030.1	224109	256392	riox2	108930	114395	+	-10
Danio	kcnj6	NC_141030.1	224109	256392	LOC101882057	114730	134048	-	-9
Danio	kcnj6	NC_141030.1	224109	256392	sim2	135837	148400	+	-8
Danio	kcnj6	NC_141030.1	224109	256392	hlcs	149169	161071	-	-7
Danio	kcnj6	NC_141030.1	224109	256392	dyrk1aa	164321	178522	-	-6
Danio	kcnj6	NC_141030.1	224109	256392	LOC141376278	176165	178397	+	-5
Danio	kcnj6	NC_141030.1	224109	256392	vps26c	179025	183869	+	-4
Danio	kcnj6	NC_141030.1	224109	256392	ttc3	184054	212181	-	-3
Danio	kcnj6	NC_141030.1	224109	256392	pigp	211641	218207	+	-2
Danio	kcnj6	NC_141030.1	224109	256392	ripply3	218285	222751	-	-1
Danio	kcnj6	NC_141030.1	224109	256392	kcnj6	224109	256392	-	0
Danio	kcnj6	NC_141030.1	224109	256392	klhl35	246171	349392	-	1
Danio	kcnj6	NC_141030.1	224109	256392	kcnj15	258499	262567	+	2
Danio	kcnj6	NC_141030.1	224109	256392	erg	262574	285122	-	3
Danio	kcnj6	NC_141030.1	224109	256392	ets2	292420	301455	+	4
Danio	kcnj6	NC_141030.1	224109	256392	psmg1	311636	315343	-	5
Danio	kcnj6	NC_141030.1	224109	256392	LOC137496627	316422	316587	+	6
Danio	kcnj6	NC_141030.1	224109	256392	mpzl1l	318543	332162	+	7
Danio	kcnj6	NC_141030.1	224109	256392	lrrc32	353556	363681	+	8
Danio	kcnj6	NC_141030.1	224109	256392	LOC141376279	382599	388082	-	9
Danio	kcnj6	NC_141030.1	224109	256392	emsy	388364	408662	-	10
