gene	in_domain_search	in_uniprot_set
kcnj10a	yes	yes
kcnj10b	yes	yes
kcnj11	yes	yes
kcnj11l	yes	yes
kcnj12a	yes	yes
kcnj12b	yes	yes
kcnj13	yes	yes
kcnj14	yes	yes
kcnj15	yes	yes
kcnj16a	yes	yes
kcnj19a	yes	yes
kcnj19b	yes	yes
kcnj1a.1	yes	yes
kcnj1a.2	yes	yes
kcnj1a.3	yes	yes
kcnj1a.4	yes	yes
kcnj1a.5	yes	yes
kcnj1a.6	yes	yes
kcnj1b	yes	yes
kcnj20	yes	yes
kcnj21	yes	yes
kcnj2a	yes	yes
kcnj2b	yes	yes
kcnj3a	yes	yes
kcnj3b	yes	yes
kcnj4	yes	yes
kcnj5	yes	yes
kcnj6	yes	yes
kcnj8	yes	yes
kcnj9	yes	yes
