gene	protein	length_aa	n_isoforms	in_length_range
kcnj10a	XP_087116520.1	425	4	yes
kcnj10b	XP_087097858.1	413	1	yes
kcnj11	NP_001034916.1	381	1	yes
kcnj11l	NP_001012387.1	432	1	yes
kcnj12a	XP_087166276.1	438	1	yes
kcnj12b	XP_087100263.1	421	2	yes
kcnj13	XP_087139103.1	362	7	yes
kcnj14	NP_001313403.2	543	2	yes
kcnj15	XP_087126034.1	335	4	yes
kcnj16a	XP_087132952.1	388	2	yes
kcnj19a	XP_087101143.1	504	6	yes
kcnj19b	XP_087132174.1	505	1	yes
kcnj1a.1	XP_087147804.1	414	7	yes
kcnj1a.2	NP_001014334.2	370	2	yes
kcnj1a.3	NP_001038641.1	368	1	yes
kcnj1a.4	NP_001038643.1	368	1	yes
kcnj1a.5	NP_001038634.2	370	2	yes
kcnj1a.6	XP_087148623.1	370	2	yes
kcnj1b	XP_087125658.1	375	2	yes
kcnj20	XP_087140632.1	564	1	yes
kcnj21	NP_001082862.1	432	1	yes
kcnj2a	NP_001318145.1	427	1	yes
kcnj2b	XP_087100132.1	440	2	yes
kcnj3a	XP_087123581.1	490	1	yes
kcnj3b	XP_087112921.1	539	2	yes
kcnj4	XP_087099757.1	498	1	yes
kcnj5	XP_087149716.1	425	2	yes
kcnj6	XP_087126031.1	412	2	yes
kcnj8	NP_001025324.1	416	1	yes
kcnj9	XP_087097613.1	503	2	yes
