gene	REF_ident	REF_qcov	NCU_ident	NCU_qcov	LOEWE_ident	LOEWE_qcov	BGI_ident	BGI_qcov
LOC114844899	100.0	100.0	100.0	100.0	100.0	100.0	100.0	100.0
LOC114846053	100.0	100.0	99.6	100.0	97.8	100.0	97.8	100.0
LOC114860740	100.0	100.0	100.0	100.0	100.0	100.0	100.0	100.0
LOC114860957	100.0	100.0	99.9	100.0	100.0	100.0	100.0	100.0
LOC114861067	100.0	100.0	100.0	100.0	100.0	100.0	100.0	100.0
LOC114863156	100.0	100.0	99.8	100.0	99.1	100.0	99.8	100.0
kcnj10a	100.0	100.0	99.5	100.0	99.5	100.0	99.5	100.0
kcnj11	100.0	100.0	100.0	100.0	100.0	100.0	100.0	100.0
kcnj11l	100.0	100.0	100.0	100.0	99.8	100.0	99.8	100.0
kcnj12a	100.0	100.0	100.0	100.0	100.0	100.0	100.0	100.0
kcnj12b	100.0	100.0	100.0	100.0	100.0	100.0	100.0	100.0
kcnj13	100.0	100.0	100.0	100.0	100.0	100.0	100.0	100.0
kcnj14	100.0	100.0	100.0	100.0	99.6	100.0	99.6	100.0
kcnj15	100.0	100.0	99.6	100.0	100.0	100.0	100.0	100.0
kcnj16a	100.0	100.0	100.0	100.0	100.0	100.0	100.0	100.0
kcnj1a.1	100.0	100.0	100.0	100.0	100.0	100.0	100.0	100.0
kcnj1b	100.0	100.0	99.8	100.0	100.0	100.0	99.8	100.0
kcnj2a	100.0	100.0	100.0	100.0	100.0	100.0	100.0	100.0
kcnj3a	100.0	100.0	100.0	100.0	100.0	100.0	100.0	100.0
kcnj5	100.0	100.0	99.8	100.0	99.8	100.0	99.8	100.0
kcnj6	100.0	100.0	99.8	100.0	99.8	100.0	99.8	100.0
kcnj8	100.0	100.0	99.5	100.0	99.3	100.0	99.8	100.0
kcnj9	100.0	100.0	100.0	100.0	100.0	100.0	100.0	100.0
