contig	start	end	strand	gene	identity	qcov	frameshift	stop	span_bp	score	n_hits	other_labels
QFDP01000003.1	11535678	11539117	+	LOC114844899	1.000	1.000	0	0	3439	2192	6	KCNJ10,KCNJ15,kcnj10a,kcnj10b
QFDP01000003.1	11876468	11882816	+	kcnj9	1.000	1.000	0	0	6348	2590	5	KCNJ5,KCNJ9,kcnj20
QFDP01000004.1	6660638	6663004	+	kcnj1b	0.998	1.000	0	0	2366	2588	9	KCNJ1,kcnj1a.1,kcnj1a.2,kcnj1a.3,kcnj1a.4,kcnj1a.5,kcnj1a.6
QFDP01000004.1	9796448	9797470	+	kcnj15	1.000	1.000	0	0	1022	1768	4	KCNJ10,KCNJ15
QFDP01000004.1	9827192	9830012	-	kcnj6	0.998	1.000	0	0	2820	2174	8	KCNJ5,KCNJ6,KCNJ9,kcnj20,kcnj21,kcnj5
QFDP01000008.1	2721435	2722715	-	kcnj12b	1.000	1.000	0	0	1280	2217	10	KCNJ12,KCNJ14,KCNJ17,KCNJ18,KCNJ4,kcnj12a,kcnj20,kcnj4
QFDP01000008.1	6545871	6547001	+	LOC114860957	1.000	1.000	0	0	1130	1981	1	
QFDP01000008.1	6549758	6551086	+	LOC114861067	1.000	1.000	0	0	1328	2298	13	KCNJ12,KCNJ14,KCNJ16,KCNJ17,KCNJ18,KCNJ2,KCNJ4,kcnj12b,kcnj14,kcnj2a,kcnj2b,kcnj4
QFDP01000008.1	11160111	11169382	-	LOC114860740	1.000	1.000	0	0	9271	2689	8	KCNJ3,LOC114846053,kcnj19a,kcnj19b,kcnj20,kcnj3a,kcnj3b
QFDP01000010.1	10146710	10160677	-	kcnj3a	1.000	1.000	0	0	13967	2595	6	KCNJ3,kcnj19a,kcnj19b,kcnj3b
QFDP01000011.1	10722551	10724998	+	kcnj8	0.998	1.000	0	0	2447	2161	5	KCNJ11,KCNJ8,kcnj11
QFDP01000012.1	240182	242705	-	kcnj13	1.000	1.000	0	0	2523	1922	3	KCNJ13
QFDP01000012.1	13268601	13269722	-	kcnj1a.1	1.000	1.000	0	0	1121	1999	8	KCNJ1,kcnj1a.2,kcnj1a.3,kcnj1a.4,kcnj1a.5,kcnj1a.6
QFDP01000012.1	13285004	13291692	+	kcnj5	0.998	1.000	0	0	6688	2276	8	KCNJ5,KCNJ6,KCNJ9,kcnj20,kcnj21,kcnj6
QFDP01000013.1	9547805	9549678	-	LOC114863156	0.998	1.000	0	0	1873	3058	9	KCNJ12,KCNJ14,KCNJ17,KCNJ18,KCNJ4,kcnj12b,kcnj20,kcnj4
QFDP01000014.1	20695733	20699058	-	kcnj10a	0.995	1.000	0	0	3325	2255	6	KCNJ1,KCNJ10,LOC114844899,kcnj10b
QFDP01000017.1	20056891	20059485	-	kcnj14	0.996	1.000	0	0	2594	2749	5	KCNJ14,KCNJ16,kcnj2b
QFDP01000019.1	8618157	8619458	-	kcnj12a	1.000	1.000	0	0	1301	2267	13	KCNJ12,KCNJ14,KCNJ16,KCNJ17,KCNJ18,KCNJ2,KCNJ4,kcnj12b,kcnj20,kcnj2b,kcnj4
QFDP01000019.1	10153558	10159951	+	LOC114846053	0.978	1.000	1	0	6393	2549	8	KCNJ3,LOC114860740,kcnj19a,kcnj19b,kcnj20,kcnj3a,kcnj3b
QFDP01000019.1	15634656	15635873	+	kcnj16a	1.000	1.000	0	0	1217	2111	2	
QFDP01000019.1	15640909	15642192	+	kcnj2a	1.000	1.000	0	0	1283	2233	11	KCNJ14,KCNJ16,KCNJ18,KCNJ2,KCNJ4,kcnj12b,kcnj14,kcnj2b,kcnj4
QFDP01000021.1	6192661	6193803	-	kcnj11	1.000	1.000	0	0	1142	1936	5	KCNJ11,KCNJ8,kcnj8
QFDP01000021.1	19002369	19003962	+	kcnj11l	0.998	1.000	0	0	1593	2365	5	KCNJ11,KCNJ8,kcnj11
