kcnj10a|XP_028994538.1	tr|E7FD27|E7FD27_DANRE	84.598	435	0.0	701
kcnj11l|XP_040927289.1	tr|Q5R205|Q5R205_DANRE	81.614	446	0.0	686
kcnj11|XP_029010274.1	tr|Q2HX26|Q2HX26_DANRE	86.290	372	0.0	667
kcnj12a|XP_028989924.1	tr|A0A0R4ICH9|A0A0R4ICH9_DANRE	86.073	438	0.0	774
kcnj12b|XP_029015579.1	sp|Q14500|KCJ12_HUMAN	71.495	428	0.0	639
kcnj13|XP_029028057.1	sp|O60928|KCJ13_HUMAN	53.521	355	1.21e-132	375
kcnj14|XP_028985982.1	tr|A0AC58HF78|A0AC58HF78_DANRE	69.423	520	0.0	666
kcnj15|XP_029030466.1	tr|F1QQH0|F1QQH0_DANRE	69.394	330	8.31e-176	483
kcnj16a|XP_028989531.1	tr|A0A8M3B7L6|A0A8M3B7L6_DANRE	64.010	389	0.0	508
kcnj1a.1|XP_029028077.1	tr|A0AC58HSR8|A0AC58HSR8_DANRE	63.003	373	0.0	509
kcnj1b|XP_029030475.1	tr|A5PLA5|A5PLA5_DANRE	68.229	384	0.0	532
kcnj2a|XP_028989530.1	tr|E7FGH1|E7FGH1_DANRE	88.056	427	0.0	807
kcnj3a|XP_028992692.1	tr|A0ACD6B5I4|A0ACD6B5I4_DANRE	89.919	496	0.0	927
kcnj5|XP_029028075.1	tr|A0A0R4IAD0|A0A0R4IAD0_DANRE	87.471	431	0.0	756
kcnj6|XP_029029321.1	tr|A0AC58GKY4|A0AC58GKY4_DANRE	87.290	417	0.0	749
kcnj8|XP_029020054.1	tr|A0A8M1N798|A0A8M1N798_DANRE	86.058	416	0.0	736
kcnj9|XP_028987796.1	tr|A0A8M3AQ22|A0A8M3AQ22_DANRE	83.564	505	0.0	824
LOC114844899|XP_028988408.1	tr|E7FD27|E7FD27_DANRE	83.294	425	0.0	680
LOC114846053|XP_028990638.1	tr|E7F7K0|E7F7K0_DANRE	76.673	523	0.0	791
LOC114860740|XP_029015377.1	tr|F1QIE6|F1QIE6_DANRE	85.825	515	0.0	883
LOC114860957|XP_029015710.1	tr|A0A8M3B7L6|A0A8M3B7L6_DANRE	54.603	315	8.37e-131	372
LOC114861067|XP_029015889.1	tr|E7FGH1|E7FGH1_DANRE	78.733	442	0.0	706
LOC114863156|XP_029019895.1	tr|A0ACD6B668|A0ACD6B668_DANRE	59.165	551	0.0	628
