genome	window	seqid	query	qstart	qend	start	end	strand	pident	aln_len	evalue	bitscore
Am	kcnj16b_near_kcnj2b	NC_064426.1	Ol_LOC101171333	28	345	11253451	11254419	+	42.284	324	1.20e-75	249
Am	kcnj16b_near_kcnj2b	NC_064426.1	Bs_LOC114860957	28	337	11253457	11254401	+	39.873	316	3.14e-66	222
Am	kcnj16b_near_kcnj2b	NC_064426.1	At_LOC113160616	31	346	11253457	11254419	+	43.252	326	2.35e-76	251
Am	kcnj16b_near_kcnj2b	NC_064426.1	Dr_kcnj16a	32	346	11253463	11254419	+	43.125	320	3.25e-75	248
Am	kcnj16b_near_kcnj2b	NC_064426.1	Am_kcnj16	34	341	11253463	11254401	+	45.079	315	1.04e-77	254
BGI	kcnj20_zbtb32-igflr1	QFDP01000017.1	At_kcnj20	355	410	22706548	22706715	-	57.143	56	1.61e-14	67.8
BGI	kcnj20_zbtb32-igflr1	QFDP01000017.1	Ol_kcnj20	414	468	22706548	22706712	-	60.000	55	1.07e-14	68.6
Dr	kcnj16b_near_kcnj2b	NC_141023.1	At_LOC113160616	1	351	12042105	12043184	+	39.335	361	2.16e-82	269
Dr	kcnj16b_near_kcnj2b	NC_141023.1	Am_kcnj16	17	346	12042162	12043166	+	42.136	337	1.84e-84	274
Dr	kcnj16b_near_kcnj2b	NC_141023.1	Ol_LOC101171333	17	345	12042174	12043169	+	40.896	335	6.71e-85	276
Dr	kcnj16b_near_kcnj2b	NC_141023.1	Dr_kcnj16a	22	346	12042183	12043169	+	41.212	330	1.63e-82	269
Dr	kcnj16b_near_kcnj2b	NC_141023.1	Bs_LOC114860957	30	337	12042213	12043151	+	38.854	314	2.03e-74	245
LOEWE	kcnj20_zbtb32-igflr1	CM023894.1	Ol_kcnj20	486	522	22382677	22382766	-	54.054	37	3.69e-05	37.4
LOEWE	kcnj20_zbtb32-igflr1	CM023894.1	At_kcnj20	428	463	22382680	22382766	-	47.222	36	4.28e-04	33.9
LOEWE	kcnj20_zbtb32-igflr1	CM023894.1	At_kcnj20	355	410	22385322	22385489	-	55.357	56	2.28e-13	63.9
LOEWE	kcnj20_zbtb32-igflr1	CM023894.1	Ol_kcnj20	414	468	22385322	22385486	-	58.182	55	8.21e-14	65.9
NCU	kcnj20_zbtb32-igflr1	CM045485.1	Ol_kcnj20	486	522	10025068	10025157	-	54.054	37	1.88e-05	38.5
NCU	kcnj20_zbtb32-igflr1	CM045485.1	At_kcnj20	428	463	10025071	10025157	-	47.222	36	2.69e-04	34.7
NCU	kcnj20_zbtb32-igflr1	CM045485.1	At_kcnj20	355	410	10027851	10028018	-	53.571	56	1.85e-12	61.2
NCU	kcnj20_zbtb32-igflr1	CM045485.1	Ol_kcnj20	414	468	10027851	10028015	-	56.364	55	6.72e-13	62.8
REF	kcnj20_zbtb32-igflr1	NC_040896.2	Ol_kcnj20	486	522	15037489	15037578	-	54.054	37	4.46e-05	37.4
REF	kcnj20_zbtb32-igflr1	NC_040896.2	At_kcnj20	428	463	15037492	15037578	-	47.222	36	5.40e-04	33.5
REF	kcnj20_zbtb32-igflr1	NC_040896.2	At_kcnj20	355	410	15040124	15040291	-	55.357	56	4.94e-13	63.2
REF	kcnj20_zbtb32-igflr1	NC_040896.2	Ol_kcnj20	414	468	15040124	15040288	-	58.182	55	1.55e-13	64.7
