genome	query	seqid	start	end	query_span	identity_pct	frameshifts	gene
Am	Am_kcnj16	NC_064422.1	46221325	46222437	1-370	100.0	0	kcnj16
Am	Am_kcnj4	NC_064410.1	9668821	9670398	1-525	98.7	0	kcnj4
Am	At_LOC113160616	NC_064422.1	46221412	46222347	29-340	59.9	0	kcnj16
Am	At_LOC113162111	NC_064426.1	27156982	27158079	109-511	60.4	0	kcnj12b
Am	At_LOC113162111	NC_064410.1	9668821	9670362	24-570	60.2	0	kcnj4
Am	At_LOC113162111	NC_064413.1	56668285	56669484	16-509	56.7	0	kcnj12a
Am	At_LOC113162111	NC_064422.1	46234877	46236049	21-509	51.3	0	kcnj2a
Am	At_LOC113162111	NC_064426.1	11253322	11254509	24-515	50.4	0	kcnj2b
Am	Bs_LOC114860957	NC_064422.1	46221412	46222347	26-337	54.5	0	kcnj16
Am	Bs_LOC114863156	NC_064410.1	9668821	9670362	24-574	59.9	0	kcnj4
Am	Bs_LOC114863156	NC_064426.1	27156970	27158079	113-518	58.7	0	kcnj12b
Am	Bs_LOC114863156	NC_064413.1	56668285	56669592	16-550	53.2	0	kcnj12a
Am	Bs_LOC114863156	NC_064422.1	46234877	46236049	21-512	50.8	0	kcnj2a
Am	Dr_kcnj16a	NC_064422.1	46221325	46222413	1-359	73.1	0	kcnj16
Am	Dr_kcnj4	NC_064410.1	9668821	9670398	1-498	75.4	0	kcnj4
Am	Ol_LOC101162982	NC_064426.1	27156985	27158037	116-509	60.7	0	kcnj12b
Am	Ol_LOC101162982	NC_064410.1	9668821	9670362	24-569	59.7	0	kcnj4
Am	Ol_LOC101162982	NC_064413.1	56668285	56669484	16-508	55.6	0	kcnj12a
Am	Ol_LOC101162982	NC_064422.1	46234877	46236067	21-517	50.9	0	kcnj2a
Am	Ol_LOC101171333	NC_064422.1	46221415	46222344	29-338	57.1	0	kcnj16
Dr	Am_kcnj16	NC_141032.1	38753869	38754966	1-370	72.0	0	kcnj2a,kcnj16a
Dr	Am_kcnj4	NC_141023.1	1624899	1633703	1-525	76.9	0	kcnj4
Dr	At_LOC113160616	NC_141032.1	38753929	38754882	30-346	58.5	0	kcnj2a,kcnj16a
Dr	At_LOC113162111	NC_141023.1	15832437	15833507	118-518	61.1	0	kcnj12b
Dr	At_LOC113162111	NC_141023.1	1632228	1633667	31-570	60.6	0	kcnj4
Dr	At_LOC113162111	NC_141044.1	42254705	42255901	24-514	55.2	0	kcnj12a
Dr	Bs_LOC114860957	NC_141032.1	38753941	38754882	27-339	54.8	0	kcnj2a,kcnj16a
Dr	Bs_LOC114863156	NC_141023.1	1632228	1633667	31-574	60.2	0	kcnj4
Dr	Bs_LOC114863156	NC_141023.1	15832434	15833552	121-533	59.1	0	kcnj12b
Dr	Bs_LOC114863156	NC_141044.1	42254717	42255901	24-513	55.1	0	kcnj12a
Dr	Dr_kcnj16a	NC_141032.1	38753800	38754966	1-388	100.0	0	kcnj2a,kcnj16a
Dr	Dr_kcnj4	NC_141023.1	1624899	1633703	1-498	100.0	0	kcnj4
Dr	Ol_LOC101162982	NC_141023.1	1632228	1633667	31-569	60.4	0	kcnj4
Dr	Ol_LOC101162982	NC_141023.1	15832440	15833531	118-523	58.1	0	kcnj12b
Dr	Ol_LOC101162982	NC_141044.1	42254651	42255901	24-531	53.7	0	kcnj12a
Dr	Ol_LOC101171333	NC_141032.1	38753923	38754882	29-347	55.6	0	kcnj2a,kcnj16a
