query	genome	n_alignments	best_identity_pct
Am_kcnj16	Am	1	100.0
Am_kcnj16	Dr	1	72.0
Am_kcnj4	Am	1	98.7
Am_kcnj4	Dr	1	76.9
At_LOC113160616	Am	1	59.9
At_LOC113160616	Dr	1	58.5
At_LOC113162111	Am	5	60.4
At_LOC113162111	Dr	3	61.1
Bs_LOC114860957	Am	1	54.5
Bs_LOC114860957	Dr	1	54.8
Bs_LOC114863156	Am	4	59.9
Bs_LOC114863156	Dr	3	60.2
Dr_kcnj16a	Am	1	73.1
Dr_kcnj16a	Dr	1	100.0
Dr_kcnj4	Am	1	75.4
Dr_kcnj4	Dr	1	100.0
Ol_LOC101162982	Am	4	60.7
Ol_LOC101162982	Dr	3	60.4
Ol_LOC101171333	Am	1	57.1
Ol_LOC101171333	Dr	1	55.6
