genome	window	seqid	start	end	length_bp	n_count	note
REF	kcnj20_zbtb32-igflr1	NC_040896.2	15017184	15062124	44941	0	interval NC_040896.2:15037184-15042124 +-20000
NCU	kcnj20_zbtb32-igflr1	CM045485.1	10004897	10049831	44935	0	minimap2 asm10
LOEWE	kcnj20_zbtb32-igflr1	CM023894.1	22362533	22407360	44828	0	minimap2 asm10
BGI	kcnj20_zbtb32-igflr1	QFDP01000017.1	22682704	22728439	45736	968	minimap2 asm10
REF	kcnj4a_kdelr3-sox10	NC_040888.2	1406570	1455269	48700	0	interval NC_040888.2:1426570-1435269 +-20000
NCU	kcnj4a_kdelr3-sox10	CM045477.1	1333466	1382730	49265	0	minimap2 asm10
LOEWE	kcnj4a_kdelr3-sox10	CM023908.1	1468867	1517963	49097	0	minimap2 asm10
BGI	kcnj4a_kdelr3-sox10	QFDP01000008.1	1469992	1524317	54326	2962	minimap2 asm10
Dr	kcnj4b_near_smdt1b	NC_141021.1	56504533	56905546	401014	0	smdt1b +-200000
Dr	kcnj4b_near_rnaseh2a	NC_141021.1	54007408	54415171	407764	0	rnaseh2a +-200000
Dr	kcnj16b_near_kcnj2b	NC_141023.1	11838559	12248504	409946	0	kcnj2b +-200000
Dr	kcnj16b_near_otop2-ush1ga	NC_141023.1	61527078	61995283	468206	0	otop2-ush1ga +-200000
Am	kcnj4b_near_smdt1b	NC_064428.1	34474404	34877059	402656	0	smdt1b +-200000
Am	kcnj4b_near_rnaseh2a	NC_064428.1	32369148	32781904	412757	0	rnaseh2a +-200000
Am	kcnj16b_near_kcnj2b	NC_064426.1	11053079	11456655	403577	0	kcnj2b +-200000
Am	kcnj16b_near_otop2-ush1ga	NC_064426.1	42925276	43367322	442047	0	otop2-ush1ga +-200000
