sequence	sister_tree1	support_tree1	sister_tree2	support_tree2	agree
Bs_LOC114844899	Bs_kcnj10a	89.3/100	Bs_kcnj10a	84.8/99	yes
Bs_LOC114846053	Dr_kcnj19b	56.8/95	Dr_kcnj19b	93.6/100	yes
Bs_LOC114860740	Dr_kcnj19a	68/99	Dr_kcnj19a	64.4/94	yes
Bs_LOC114860957	Bs_kcnj16a,Dr_kcnj16a	100/100	Bs_kcnj16a,Dr_kcnj16a	99.8/100	yes
Bs_LOC114861067	Dr_kcnj2b	-	Dr_kcnj2b	-	yes
Bs_LOC114863156	Dr_kcnj4	98.3/100	Dr_kcnj4	100/100	yes
Bs_kcnj10a	Bs_LOC114844899	89.3/100	Bs_LOC114844899	84.8/99	yes
Bs_kcnj11	Dr_kcnj11	97.8/100	Dr_kcnj11	98.9/100	yes
Bs_kcnj11l	Dr_kcnj11l	100/100	Dr_kcnj11l	100/100	yes
Bs_kcnj12a	Dr_kcnj12a	90.3/100	Dr_kcnj12a	96.1/100	yes
Bs_kcnj12b	Dr_kcnj12b	96.6/100	Dr_kcnj12b	98/100	yes
Bs_kcnj13	Dr_kcnj13	94.4/99	Dr_kcnj13	95.3/100	yes
Bs_kcnj14	Dr_kcnj14	99.5/100	Dr_kcnj14	99.7/100	yes
Bs_kcnj15	Dr_kcnj15	100/100	Dr_kcnj15	99.9/100	yes
Bs_kcnj16a	Dr_kcnj16a	92.2/99	Dr_kcnj16a	88.1/99	yes
Bs_kcnj1a.1	Dr_kcnj1a.1,Dr_kcnj1a.2,Dr_kcnj1a.3,Dr_kcnj1a.4,Dr_kcnj1a.5,Dr_kcnj1a.6	98.8/98	Dr_kcnj1a.1,Dr_kcnj1a.2,Dr_kcnj1a.3,Dr_kcnj1a.4,Dr_kcnj1a.5,Dr_kcnj1a.6	96.7/99	yes
Bs_kcnj1b	Bs_kcnj1a.1,Dr_kcnj1a.1,Dr_kcnj1a.2,Dr_kcnj1a.3,Dr_kcnj1a.4,Dr_kcnj1a.5,Dr_kcnj1a.6	29.7/66	Dr_kcnj1b	26.6/79	NO
Bs_kcnj2a	Dr_kcnj2a	79.3/97	Dr_kcnj2a	87.9/99	yes
Bs_kcnj3a	Dr_kcnj3a	0/70	Dr_kcnj3a	26.8/98	yes
Bs_kcnj5	Dr_kcnj5	100/100	Dr_kcnj5	100/100	yes
Bs_kcnj6	Dr_kcnj6	89.6/98	Dr_kcnj6	96.2/100	yes
Bs_kcnj8	Dr_kcnj8	99.3/100	Dr_kcnj8	100/100	yes
Bs_kcnj9	Dr_kcnj9	99.9/100	Dr_kcnj9	100/100	yes
